2010-10-1, -90.2696316846, -90.270067, -90.2693652
2010-10-2, -90.26946804, -90.2695601, -90.2693216
2010-10-3, -90.2693579333, -90.2694534, -90.2692263
2010-10-4, -90.2693716067, -90.2695138, -90.2692256
2010-10-5, -90.26938076, -90.2695712, -90.2690753
2010-10-6, -90.2696123467, -90.2701558, -90.2692951
2010-10-7, -90.2701130467, -90.2704781, -90.2699478
2010-10-8, -90.2699187667, -90.2701434, -90.2695937
2010-10-9, -90.2694615067, -90.2695422, -90.2692576
2010-10-10, -90.26940824, -90.2696188, -90.2691686
2010-10-11, -90.2697331733, -90.2702964, -90.2693791
2010-10-12, -90.2701041067, -90.2701935, -90.2699328
2010-10-13, -90.2698814733, -90.2701245, -90.2694792
2010-10-14, -90.2695220467, -90.2696011, -90.2694311
2010-10-15, -90.2696317467, -90.2698468, -90.2694934
2010-10-16, -90.2698088286, -90.2701093, -90.2694926
2010-10-17, -90.2695793867, -90.2697672, -90.2694931
2010-10-18, -90.2696839933, -90.2698429, -90.2695161
2010-10-19, -90.2696499333, -90.269963, -90.2694457
2010-10-20, -90.26956356, -90.2698387, -90.2692185
2010-10-21, -90.2694644467, -90.2697834, -90.2690961
2010-10-22, -90.2696457, -90.2697638, -90.2694353
2010-10-23, -90.2695212933, -90.2696976, -90.269398
2010-10-24, -90.2694863467, -90.2697412, -90.2693059
2010-10-25, -90.2694065933, -90.2695963, -90.2692289
2010-10-26, -90.2694100214, -90.269473, -90.2692887
2010-10-27, -90.2694743067, -90.2695534, -90.2694376
2010-10-28, -90.2696485867, -90.2701261, -90.2693541
2010-10-29, -90.2698783267, -90.2701404, -90.2692762
2010-10-30, -90.2693859533, -90.2694847, -90.2691846
2010-10-31, -90.2694247133, -90.2695528, -90.2692714
2010-11-1, -90.2693941267, -90.2695664, -90.2692854
2010-11-2, -90.2695092267, -90.2696368, -90.2693788
2010-11-3, -90.26956246, -90.2697067, -90.2692672
2010-11-4, -90.2693130067, -90.2694598, -90.269101
2010-11-5, -90.26930902, -90.2693854, -90.2691722
2010-11-6, -90.2694681533, -90.2697289, -90.2691164
2010-11-7, -90.26953824, -90.2697454, -90.2691986
2010-11-8, -90.269498, -90.2697444, -90.2692353
2010-11-9, -90.2695073467, -90.2696794, -90.2691846
2010-11-10, -90.2693523467, -90.2695074, -90.2691824
2010-11-11, -90.26941452, -90.2696359, -90.2693325
2010-11-12, -90.26954748, -90.2698049, -90.2692315
2010-11-13, -90.2693901533, -90.2695023, -90.2691894
2010-11-14, -90.2694149733, -90.2695054, -90.2692711
2010-11-15, -90.2696751733, -90.2701747, -90.2692832
2010-11-16, -90.2698897067, -90.2700606, -90.2697079
2010-11-17, -90.2696898933, -90.2698162, -90.2693806
2010-11-18, -90.2695841667, -90.2700541, -90.2681725
2010-11-19, -90.2697591, -90.2700594, -90.2692212
2010-11-20, -90.2694342133, -90.2695463, -90.2692297
2010-11-21, -90.26951656, -90.2699242, -90.2691767
2010-11-22, -90.26941412, -90.2694745, -90.2693653
2010-11-23, -90.26953394, -90.2697451, -90.2694315
2010-11-24, -90.2695726733, -90.2697081, -90.2694562
2010-11-25, -90.269525, -90.2696591, -90.2693999
2010-11-26, -90.26952964, -90.26968, -90.2694168
2010-11-27, -90.2695972533, -90.2698151, -90.2694406
2010-11-28, -90.2698911133, -90.2701719, -90.269668
2010-11-29, -90.26970818, -90.2702418, -90.2694195
2010-11-30, -90.26935864, -90.2696504, -90.2685177
2010-12-1, -90.2690014333, -90.2696527, -90.2685834
2010-12-2, -90.2696809933, -90.2699988, -90.2695142
2010-12-3, -90.2696105467, -90.2697126, -90.2695103
2010-12-4, -90.2707449733, -90.2715798, -90.2695854
2010-12-5, -90.2714752267, -90.271635, -90.2713793
2010-12-6, -90.27085046, -90.2714636, -90.2700628
2010-12-7, -90.2697848533, -90.2701514, -90.2694544
2010-12-8, -90.2696716133, -90.2699173, -90.2694648
2010-12-9, -90.2696591933, -90.2699042, -90.2692563
2010-12-10, -90.2695801333, -90.2700513, -90.2692605
2010-12-11, -90.2695217067, -90.2696304, -90.2694418
2010-12-12, -90.2695545067, -90.269673, -90.2693317
2010-12-13, -90.26960598, -90.2697918, -90.2693355
2010-12-14, -90.2696428, -90.2698523, -90.2693209
2010-12-15, -90.2696381733, -90.269864, -90.2693455
2010-12-16, -90.26939026, -90.2694815, -90.2692762
2010-12-17, -90.2694217733, -90.2696706, -90.2689675
2010-12-18, -90.26959002, -90.2696975, -90.2694829
2010-12-19, -90.26960414, -90.2697767, -90.2693702
2010-12-20, -90.2699217133, -90.2702148, -90.2696406
2010-12-21, -90.2697635333, -90.270121, -90.2693282
2010-12-22, -90.2694278, -90.2697523, -90.2692046
2010-12-23, -90.26921332, -90.2694767, -90.2687361
2010-12-24, -90.2692732333, -90.2694657, -90.2691029
2010-12-25, -90.26949586, -90.2696886, -90.2692767
2010-12-26, -90.2695598533, -90.2697843, -90.2694092
2010-12-27, -90.2698827067, -90.2701331, -90.2696672
2010-12-28, -90.26997562, -90.2701438, -90.2697725
2010-12-29, -90.2701575133, -90.2704843, -90.269934
2010-12-30, -90.27055536, -90.2708314, -90.2704991
2010-12-31, -90.27026566, -90.2705544, -90.2697009
2011-1-1, -90.26945962, -90.2697414, -90.2692352
2011-1-2, -90.2694400533, -90.2695458, -90.2693275
2011-1-3, -90.2694906067, -90.2697597, -90.2692976
2011-1-4, -90.26953624, -90.2697866, -90.2693785
2011-1-5, -90.2696963333, -90.269743, -90.2696302
2011-1-6, -90.2701165733, -90.2704254, -90.2696994
2011-1-7, -90.2702715133, -90.2703429, -90.2702011
2011-1-8, -90.2701417333, -90.2704099, -90.2698961
2011-1-9, -90.26999704, -90.2703332, -90.2692936
2011-1-10, -90.2696192867, -90.2701648, -90.2691783
2011-1-11, -90.26872875, -90.2692844, -90.2683491
2011-1-12, -90.2676203067, -90.2686011, -90.2669997
2011-1-13, -90.2665118533, -90.2670999, -90.2661692
2011-1-14, -90.2651405571, -90.2662843, -90.2633472
2011-1-15, -90.25997952, -90.262226, -90.2585129
2011-1-16, -90.2590185933, -90.2591976, -90.2586655
2011-1-17, -90.2589800467, -90.2592907, -90.2587852
2011-1-18, -90.2590511267, -90.2594486, -90.2586464
2011-1-19, -90.25792688, -90.2590975, -90.2573983
2011-1-20, -90.25638685, -90.2580568, -90.2547365
2011-1-21, -90.2549553067, -90.2550433, -90.2549004
2011-1-22, -90.2536782533, -90.2550046, -90.2526824
2011-1-23, -90.2510442067, -90.2528352, -90.2493758
2011-1-24, -90.25006214, -90.2502224, -90.2499972
2011-1-25, -90.2497029133, -90.2501847, -90.2492668
2011-1-26, -90.2495776429, -90.2501052, -90.2494203
2011-1-27, -90.2495078533, -90.2496674, -90.2494421
2011-1-28, -90.2494740067, -90.2495688, -90.2493682
2011-1-29, -90.2495537733, -90.2500536, -90.2494322
2011-1-30, -90.2499258133, -90.2503206, -90.2491199
2011-1-31, -90.2501698133, -90.2502879, -90.2499145
2011-2-1, -90.2497100467, -90.2503147, -90.2491868
2011-2-2, -90.24878844, -90.2495342, -90.2474112
2011-2-3, -90.2470655467, -90.2478443, -90.2463876
2011-2-4, -90.2457087333, -90.2469613, -90.245051
2011-2-5, -90.2453800867, -90.2454941, -90.2452695
2011-2-6, -90.2453060467, -90.2458225, -90.2449926
2011-2-7, -90.24528062, -90.2453811, -90.2450733
2011-2-8, -90.2452968533, -90.2454097, -90.2451429
2011-2-9, -90.2452030933, -90.245342, -90.2450066
2011-2-10, -90.2451001667, -90.2452617, -90.2449755
2011-2-11, -90.2452121067, -90.2454004, -90.2450055
2011-2-12, -90.2452939333, -90.2454133, -90.2451735
2011-2-13, -90.2451764867, -90.2454332, -90.2449838
2011-2-14, -90.2458054267, -90.2461255, -90.2452676
2011-2-15, -90.2461417, -90.2465108, -90.2459742
2011-2-16, -90.2463269133, -90.246629, -90.2456489
2011-2-17, -90.24636248, -90.2465526, -90.2462065
2011-2-18, -90.2462401667, -90.2466893, -90.2458211
2011-2-19, -90.24658918, -90.2469015, -90.246373
2011-2-20, -90.2464920467, -90.2465826, -90.2463807
2011-2-21, -90.2463643333, -90.2466423, -90.2459279
2011-2-22, -90.2468620733, -90.2477353, -90.2463947
2011-2-23, -90.2474541133, -90.2480739, -90.2470319
2011-2-24, -90.2473046, -90.2480252, -90.2468432
2011-2-25, -90.2469687867, -90.2471247, -90.2468847
2011-2-26, -90.2473524133, -90.247806, -90.2469238
2011-2-27, -90.24892976, -90.2501617, -90.2474099
2011-2-28, -90.24977768, -90.2502473, -90.2488765
2011-3-1, -90.2499397667, -90.2503721, -90.2490119
2011-3-2, -90.2500467267, -90.2502861, -90.2496145
2011-3-3, -90.24923194, -90.2498211, -90.2486806
2011-3-4, -90.2496156467, -90.2502424, -90.2488532
2011-3-5, -90.2501519933, -90.2503233, -90.2498797
2011-3-6, -90.24987376, -90.2501831, -90.249593
2011-3-7, -90.24981716, -90.250214, -90.2490293
2011-3-8, -90.2492674267, -90.2495385, -90.2489797
2011-3-9, -90.24973192, -90.2502267, -90.2489613
2011-3-10, -90.2512584533, -90.2520029, -90.2500803
2011-3-11, -90.2519030133, -90.2522543, -90.2514677
2011-3-12, -90.2520421667, -90.2524634, -90.2512042
2011-3-13, -90.2503778286, -90.2513008, -90.2499565
2011-3-14, -90.24969332, -90.2499972, -90.2494401
2011-3-15, -90.2495834667, -90.2502657, -90.2492788
2011-3-16, -90.24858542, -90.2501584, -90.2473449
2011-3-17, -90.2475099714, -90.2477046, -90.2473082
2011-3-18, -90.2476075133, -90.2480145, -90.2471466
2011-3-19, -90.2471643067, -90.2477421, -90.2465144
2011-3-20, -90.2473873071, -90.2477417, -90.2468233
2011-3-21, -90.2476085067, -90.2478331, -90.2473787
2011-3-22, -90.24753722, -90.2477848, -90.2473331
2011-3-23, -90.2488187733, -90.2501634, -90.2474725
2011-3-24, -90.2501798133, -90.2506535, -90.2498357
2011-3-25, -90.2497145533, -90.2500714, -90.2494221
2011-3-26, -90.24984732, -90.2500382, -90.2494172
2011-3-27, -90.2485738133, -90.2495754, -90.2480187
2011-3-28, -90.24779516, -90.2481987, -90.2474337
2011-3-29, -90.2459495933, -90.2475525, -90.2450113
2011-3-30, -90.24515558, -90.245262, -90.2448452
2011-3-31, -90.2451734667, -90.2453925, -90.2450463
2011-4-1, -90.2451342333, -90.245282, -90.2449443
2011-4-2, -90.2451714733, -90.245368, -90.2449815
2011-4-3, -90.2466981533, -90.2474272, -90.2452256
2011-4-4, -90.2487917533, -90.2496284, -90.2475922
2011-4-5, -90.2500364667, -90.2502719, -90.2497647
2011-4-6, -90.2493405267, -90.2504432, -90.2487383
2011-4-7, -90.2487558933, -90.2492972, -90.2483897
2011-4-8, -90.2498818643, -90.2503209, -90.249319
2011-4-9, -90.2499235133, -90.2502406, -90.2495331
2011-4-10, -90.2494376733, -90.2500135, -90.2475997
2011-4-11, -90.2465392333, -90.2475703, -90.2449106
2011-4-12, -90.24553144, -90.2464713, -90.2449953
2011-4-13, -90.24613328, -90.2465404, -90.2449694
2011-4-14, -90.2451763067, -90.2453606, -90.2450989
2011-4-15, -90.2449959643, -90.2452931, -90.244077
2011-4-16, -90.2419703667, -90.2440685, -90.2399247
2011-4-17, -90.24002028, -90.2402052, -90.2398643
2011-4-18, -90.23933716, -90.2399745, -90.2388651
2011-4-19, -90.2374239857, -90.2389905, -90.2361886
2011-4-20, -90.2364674933, -90.2366547, -90.2362812
2011-4-21, -90.2354961933, -90.2365832, -90.2345063
2011-4-22, -90.2326129933, -90.2345277, -90.2293494
2011-4-23, -90.22893708, -90.2293836, -90.2285359
2011-4-24, -90.2270549733, -90.2286097, -90.2259255
2011-4-25, -90.2260455867, -90.226194, -90.2258759
2011-4-26, -90.2261064133, -90.2262085, -90.2258929
2011-4-27, -90.2265293067, -90.2270767, -90.2260194
2011-4-28, -90.2277421, -90.2287491, -90.2268152
2011-4-29, -90.22892542, -90.2294091, -90.2282381
2011-4-30, -90.2292919, -90.2294014, -90.2291233
2011-5-1, -90.22935594, -90.2296828, -90.2292369
2011-5-2, -90.2292880267, -90.229371, -90.2291469
2011-5-3, -90.2293194267, -90.2294034, -90.2292277
2011-5-4, -90.22972156, -90.23005, -90.2292559
2011-5-5, -90.2300085733, -90.2300941, -90.2299332
2011-5-6, -90.2303502533, -90.2305967, -90.2300948
2011-5-7, -90.2303297267, -90.2305722, -90.2293726
2011-5-8, -90.22862514, -90.2296799, -90.22809
2011-5-9, -90.2290143667, -90.2294714, -90.2284129
2011-5-10, -90.23100066, -90.2326986, -90.2292608
2011-5-11, -90.2342793071, -90.2365667, -90.2327821
2011-5-12, -90.2386363533, -90.2400942, -90.2373761
2011-5-13, -90.2400502667, -90.2401824, -90.2398188
2011-5-14, -90.2398898867, -90.2401928, -90.2393148
2011-5-15, -90.2405574933, -90.2427914, -90.2399103
2011-5-16, -90.2444508533, -90.2453561, -90.2427841
2011-5-17, -90.2451192, -90.2452655, -90.2449821
2011-5-18, -90.2472199867, -90.2502297, -90.2450773
2011-5-19, -90.2500977267, -90.2504739, -90.249576
2011-5-20, -90.25122425, -90.2522843, -90.2500756
2011-5-21, -90.25225336, -90.2529237, -90.2518619
2011-5-22, -90.2515966333, -90.252086, -90.2511348
2011-5-23, -90.25075072, -90.2513454, -90.250179
2011-5-24, -90.25018218, -90.2503585, -90.2499856
2011-5-25, -90.2500915133, -90.25026, -90.2497986
2011-5-26, -90.2499719267, -90.2502784, -90.249418
2011-5-27, -90.24982632, -90.2503911, -90.2489482
2011-5-28, -90.2501817933, -90.2503729, -90.2500368
2011-5-29, -90.2495939133, -90.2501634, -90.2491095
2011-5-30, -90.2493911867, -90.2497755, -90.2491571
2011-5-31, -90.2501813867, -90.2503323, -90.2499269
2011-6-1, -90.24989152, -90.2502728, -90.2495565
2011-6-2, -90.25025232, -90.2519002, -90.2495287
2011-6-3, -90.2521420533, -90.252599, -90.2518848
2011-6-4, -90.25194844, -90.2528509, -90.2516076
2011-6-5, -90.2523483067, -90.252605, -90.2519282
2011-6-6, -90.2520101533, -90.2523723, -90.2518982
2011-6-7, -90.2517775933, -90.2521448, -90.2509252
2011-6-8, -90.25105094, -90.2512486, -90.2499113
2011-6-9, -90.2492976, -90.2496255, -90.2489555
2011-6-10, -90.2492389, -90.2495897, -90.2489042
2011-6-11, -90.2499406714, -90.2504079, -90.2494977
2011-6-12, -90.2497220733, -90.2499546, -90.249491
2011-6-13, -90.2500918733, -90.2508619, -90.2496841
2011-6-14, -90.25035606, -90.2506532, -90.2501612
2011-6-15, -90.2502403667, -90.2503319, -90.2499492
2011-6-16, -90.2502240333, -90.2503559, -90.250014
2011-6-17, -90.2502364467, -90.2503657, -90.2501477
2011-6-18, -90.2496445667, -90.2505054, -90.248902
2011-6-19, -90.2496153533, -90.2503178, -90.2488704
2011-6-20, -90.2501926214, -90.25031, -90.2499203
2011-6-21, -90.2502344867, -90.2503613, -90.2501688
2011-6-22, -90.2501816267, -90.2502979, -90.2500047
2011-6-23, -90.2494568067, -90.2502326, -90.2474621
2011-6-24, -90.24630696, -90.2479335, -90.2450603
2011-6-25, -90.2451436867, -90.2454066, -90.2448363
2011-6-26, -90.2449373933, -90.2453814, -90.2444372
2011-6-27, -90.2448943643, -90.2450153, -90.2447751
2011-6-28, -90.2450099733, -90.2453134, -90.2448401
2011-6-29, -90.2451586733, -90.2454022, -90.2449785
2011-6-30, -90.24513894, -90.2454633, -90.244853
2011-7-1, -90.2450580733, -90.2453818, -90.2448186
2011-7-2, -90.2463847067, -90.247949, -90.2452448
2011-7-3, -90.24750344, -90.2475875, -90.2473854
2011-7-4, -90.2478238733, -90.2484914, -90.2474186
2011-7-5, -90.2487296933, -90.250071, -90.2482559
2011-7-6, -90.2498052067, -90.2502756, -90.2494928
2011-7-7, -90.2495633867, -90.2503011, -90.2486627
2011-7-8, -90.2485873714, -90.2490974, -90.2480025
2011-7-9, -90.2481736267, -90.2483371, -90.2480131
2011-7-10, -90.2481684733, -90.2484684, -90.247412
2011-7-11, -90.2474841133, -90.2476498, -90.2470962
2011-7-12, -90.2462690267, -90.2470998, -90.2450126
2011-7-13, -90.2449861533, -90.245159, -90.2447333
2011-7-14, -90.2451687533, -90.245368, -90.2449428
2011-7-15, -90.2452168714, -90.2453681, -90.2449353
2011-7-16, -90.2452904067, -90.2463676, -90.2446002
2011-7-17, -90.24707308, -90.2476889, -90.2464158
2011-7-18, -90.2478095133, -90.2481447, -90.2474751
2011-7-19, -90.2482781071, -90.2485206, -90.2480838
2011-7-20, -90.2490898733, -90.2502552, -90.2481991
2011-7-21, -90.2500167333, -90.2502778, -90.2495704
2011-7-22, -90.2497577133, -90.2501743, -90.249526
2011-7-23, -90.2509658533, -90.2520402, -90.2500617
2011-7-24, -90.25217662, -90.2525664, -90.2519625
2011-7-25, -90.2519341667, -90.2520821, -90.2516999
2011-7-26, -90.2521253867, -90.2523914, -90.2518682
2011-7-27, -90.2517012867, -90.2520758, -90.2509969
2011-7-28, -90.25070024, -90.2511848, -90.2501869
2011-7-29, -90.2500439067, -90.2502822, -90.2496148
2011-7-30, -90.2497988467, -90.250187, -90.2494746
2011-7-31, -90.2501771667, -90.2502957, -90.2500614
2011-8-1, -90.2499597867, -90.2503218, -90.2495546
2011-8-2, -90.2498580067, -90.2501984, -90.2494894
2011-8-3, -90.2501728333, -90.2503227, -90.2500398
2011-8-4, -90.24992816, -90.2502476, -90.249693
2011-8-5, -90.2494232467, -90.2498769, -90.2483727
2011-8-6, -90.2481588867, -90.2484979, -90.2476664
2011-8-7, -90.2481771067, -90.2487546, -90.2478211
2011-8-8, -90.2490497267, -90.2497014, -90.2486331
2011-8-9, -90.24984288, -90.250427, -90.2495236
2011-8-10, -90.2501681214, -90.2503869, -90.2499933
2011-8-11, -90.2500159467, -90.2503155, -90.2496228
2011-8-12, -90.2497546733, -90.2502322, -90.2494386
2011-8-13, -90.2500511933, -90.2502775, -90.2494903
2011-8-14, -90.24941826, -90.2497418, -90.2490924
2011-8-15, -90.24845604, -90.2492996, -90.2473496
2011-8-16, -90.2475983733, -90.2478596, -90.2474212
2011-8-17, -90.24803826, -90.2482574, -90.2477344
2011-8-18, -90.2478617, -90.2482644, -90.2474012
2011-8-19, -90.2473653733, -90.2474774, -90.2472629
2011-8-20, -90.2474357, -90.2476641, -90.2473279
2011-8-21, -90.2473476867, -90.2474223, -90.2472308
2011-8-22, -90.2474516533, -90.2475943, -90.2473343
2011-8-23, -90.247427, -90.2476596, -90.2467781
2011-8-24, -90.2464003333, -90.2467736, -90.2458902
2011-8-25, -90.2455768133, -90.24597, -90.2451742
2011-8-26, -90.24528556, -90.2453624, -90.2451656
2011-8-27, -90.2452125067, -90.2453353, -90.2450319
2011-8-28, -90.2449947267, -90.2451952, -90.2448063
2011-8-29, -90.24510056, -90.2453379, -90.2448521
2011-8-30, -90.2455261857, -90.245896, -90.2451157
2011-8-31, -90.2467152267, -90.2474915, -90.2457827
2011-9-1, -90.24806662, -90.2492205, -90.247214
2011-9-2, -90.2493553467, -90.2498407, -90.2490175
2011-9-3, -90.2499782143, -90.2503283, -90.2495893
2011-9-4, -90.2502070067, -90.2503441, -90.2501001
2011-9-5, -90.2500178, -90.2503794, -90.2495835
2011-9-6, -90.2496884267, -90.249877, -90.2495259
2011-9-7, -90.2498178467, -90.2502306, -90.2495069
2011-9-8, -90.2502259067, -90.2503701, -90.2501239
2011-9-9, -90.2502318467, -90.2504532, -90.2498605
2011-9-10, -90.25021212, -90.250442, -90.2500715
2011-9-11, -90.2510227867, -90.2523652, -90.2501366
2011-9-12, -90.2520584133, -90.2522256, -90.2518887
2011-9-13, -90.2520720133, -90.2522576, -90.2519414
2011-9-14, -90.2521038333, -90.2522849, -90.2519808
2011-9-15, -90.2522703667, -90.2526251, -90.2519736
2011-9-16, -90.2521680133, -90.2523503, -90.2519911
2011-9-17, -90.2521082286, -90.2524796, -90.2518402
2011-9-18, -90.2519099667, -90.2521294, -90.2516841
2011-9-19, -90.25252956, -90.2535403, -90.2517375
2011-9-20, -90.25386704, -90.254433, -90.2533761
2011-9-21, -90.25467696, -90.2549676, -90.2543419
2011-9-22, -90.2549396667, -90.2550653, -90.2548088
2011-9-23, -90.25522688, -90.2559149, -90.2549073
2011-9-24, -90.2564580267, -90.2573639, -90.2558078
2011-9-25, -90.25779816, -90.2590791, -90.256926
2011-9-26, -90.2589247733, -90.2590435, -90.2587865
2011-9-27, -90.25908744, -90.2594891, -90.2588916
2011-9-28, -90.25897538, -90.2593281, -90.2585067
2011-9-29, -90.2586769067, -90.2587836, -90.2582883
2011-9-30, -90.2586894667, -90.2588684, -90.2585055
2011-10-1, -90.25919366, -90.2597855, -90.2585782
2011-10-2, -90.2600800133, -90.2604912, -90.2594896
2011-10-3, -90.2611781467, -90.2617014, -90.2604459
2011-10-4, -90.2627031867, -90.2650429, -90.2616132
2011-10-5, -90.26548498, -90.2663577, -90.2649965
2011-10-6, -90.2665259133, -90.2669474, -90.2662661
2011-10-7, -90.2668835857, -90.2670303, -90.2668375
2011-10-8, -90.26681848, -90.2669143, -90.2667195
2011-10-9, -90.2668732133, -90.2670661, -90.2666059
2011-10-10, -90.2676112467, -90.2684322, -90.2669974
2011-10-11, -90.2683966133, -90.2686764, -90.268229
2011-10-12, -90.2684799067, -90.2686991, -90.2681879
2011-10-13, -90.2682944333, -90.268559, -90.2682168
2011-10-14, -90.2683914867, -90.2686722, -90.2682504
2011-10-15, -90.2685275933, -90.2690632, -90.2682024
2011-10-16, -90.2685495929, -90.2687295, -90.268493
2011-10-17, -90.2683967933, -90.2686973, -90.2681474
2011-10-18, -90.26842366, -90.268691, -90.2680621
2011-10-19, -90.26948202, -90.2705425, -90.2685284
2011-10-20, -90.2700408733, -90.2705059, -90.2693716
2011-10-21, -90.2698542933, -90.2704588, -90.2694114
2011-10-22, -90.26986274, -90.2704021, -90.2692923
2011-10-23, -90.2694917933, -90.2696251, -90.2693745
2011-10-24, -90.2694923933, -90.2695779, -90.2694521
2011-10-25, -90.2695416467, -90.2696156, -90.2693839
2011-10-26, -90.26954246, -90.2697384, -90.2694264
2011-10-27, -90.2695829533, -90.2698269, -90.2694449
2011-10-28, -90.2696282, -90.2697471, -90.2694263
2011-10-29, -90.2694394133, -90.2695107, -90.2693778
2011-10-30, -90.2694924267, -90.2697584, -90.2693819
2011-10-31, -90.2697696067, -90.2700317, -90.269615
2011-11-1, -90.2700207867, -90.2704147, -90.2694176
2011-11-2, -90.2693822, -90.2695685, -90.2691146
2011-11-3, -90.2694160467, -90.2697254, -90.2691121
2011-11-4, -90.2696414667, -90.2698308, -90.269461
2011-11-5, -90.2696959667, -90.2698015, -90.2695551
2011-11-6, -90.26955776, -90.2696442, -90.2693969
2011-11-7, -90.2696093733, -90.2699837, -90.269421
2011-11-8, -90.26977122, -90.2700812, -90.2696616
2011-11-9, -90.26997872, -90.270151, -90.269703
2011-11-10, -90.2698227067, -90.2699119, -90.2697375
2011-11-11, -90.26985162, -90.2700606, -90.2694733
2011-11-12, -90.26961824, -90.2699437, -90.2694627
2011-11-13, -90.269762, -90.2699691, -90.2694048
2011-11-14, -90.2694694286, -90.2695393, -90.2693776
2011-11-15, -90.2694479467, -90.26955, -90.2693315
2011-11-16, -90.2696328667, -90.2701358, -90.2692032
2011-11-17, -90.2696319867, -90.2697132, -90.2694693
2011-11-18, -90.2699263333, -90.2701624, -90.2697169
2011-11-19, -90.2701362, -90.2703787, -90.2700341
2011-11-20, -90.2697827733, -90.2701804, -90.2690451
2011-11-21, -90.2691372, -90.2694922, -90.2688311
2011-11-22, -90.2694549333, -90.2695114, -90.2693893
2011-11-23, -90.2694619733, -90.269613, -90.2692794
2011-11-24, -90.2696387, -90.2701739, -90.2694463
2011-11-25, -90.2701256867, -90.2703154, -90.2696931
2011-11-26, -90.26986856, -90.2702454, -90.2696206
2011-11-27, -90.27027632, -90.2706613, -90.270124
2011-11-28, -90.2703356667, -90.2706298, -90.2700521
2011-11-29, -90.2698418133, -90.2701715, -90.2693263
2011-11-30, -90.2694514333, -90.2697714, -90.2692603
2011-12-1, -90.26958804, -90.2697068, -90.2694234
2011-12-2, -90.2695830667, -90.2699535, -90.2692277
2011-12-3, -90.26960646, -90.2701323, -90.2692086
2011-12-4, -90.2695070733, -90.2699846, -90.2693244
2011-12-5, -90.2695107067, -90.2696939, -90.2693818
2011-12-6, -90.2697426867, -90.2700471, -90.2696566
2011-12-7, -90.2697129933, -90.2699953, -90.2692834
2011-12-8, -90.2695065933, -90.269868, -90.2691499
2011-12-9, -90.2695400133, -90.2703645, -90.2690846
2011-12-10, -90.27012226, -90.2703954, -90.269417
2011-12-11, -90.2694443467, -90.2697839, -90.2691775
2011-12-12, -90.2693546467, -90.2697994, -90.2689814
2011-12-13, -90.2693749333, -90.2697766, -90.2690226
2011-12-14, -90.26985836, -90.2700315, -90.2697681
2011-12-15, -90.26967074, -90.2698029, -90.2694362
2011-12-16, -90.2696948933, -90.2699021, -90.2694308
2011-12-17, -90.26947076, -90.2695679, -90.2693996
2011-12-18, -90.2694919067, -90.2697825, -90.2693568
2011-12-19, -90.26948554, -90.26965, -90.2693309
2011-12-20, -90.26943106, -90.2695107, -90.2693523
2011-12-21, -90.2694867333, -90.2696914, -90.2693139
2011-12-22, -90.2695737267, -90.2699428, -90.2694212
2011-12-23, -90.2698216733, -90.2702759, -90.2695418
2011-12-24, -90.2698245133, -90.2701034, -90.2693773
2011-12-25, -90.2697080333, -90.2698738, -90.2695334
2011-12-26, -90.2698066867, -90.2700771, -90.269572
2011-12-27, -90.2696440533, -90.269834, -90.2693698
2011-12-28, -90.26949436, -90.2696052, -90.2693287
2011-12-29, -90.2695636733, -90.2698579, -90.269339
2011-12-30, -90.26974542, -90.2698706, -90.2696452
2011-12-31, -90.2697230667, -90.2698492, -90.2695188
2012-1-1, -90.2697440533, -90.2698973, -90.2695452
2012-1-2, -90.2697429867, -90.2700285, -90.269561
2012-1-3, -90.2695149467, -90.2697945, -90.2691444
2012-1-4, -90.2696879067, -90.2697849, -90.2695735
2012-1-5, -90.2696929333, -90.2699549, -90.2694772
2012-1-6, -90.2697277, -90.269822, -90.2695861
2012-1-7, -90.2696457, -90.2698552, -90.2695271
2012-1-8, -90.2697263267, -90.2699, -90.2695373
2012-1-9, -90.2697081867, -90.2698971, -90.2695605
2012-1-10, -90.2695914467, -90.2700176, -90.2692949
2012-1-11, -90.26921484, -90.2697909, -90.2685246
2012-1-12, -90.2697058867, -90.2699152, -90.2695251
2012-1-13, -90.26969878, -90.2700209, -90.2693367
2012-1-14, -90.26949076, -90.2698507, -90.2691804
2012-1-15, -90.2697217067, -90.2701128, -90.2695362
2012-1-16, -90.26971968, -90.2698047, -90.2695924
2012-1-17, -90.2697046867, -90.2698541, -90.2695124
2012-1-18, -90.2696656867, -90.2699074, -90.2693185
2012-1-19, -90.2696930133, -90.2698419, -90.2695049
2012-1-20, -90.2696761133, -90.2698023, -90.2695252
2012-1-21, -90.2695350733, -90.2698596, -90.2689442
2012-1-22, -90.2698213267, -90.2699188, -90.2696048
2012-1-23, -90.2694963, -90.269779, -90.2689177
2012-1-24, -90.26948148, -90.2696052, -90.2693763
2012-1-25, -90.2694036333, -90.269741, -90.2689731
2012-1-26, -90.2697327067, -90.2704186, -90.2695687
2012-1-27, -90.2698772467, -90.2705, -90.269462
2012-1-28, -90.2694551867, -90.2695993, -90.2690726
2012-1-29, -90.26932542, -90.2695771, -90.2688665
2012-1-30, -90.2696363, -90.2697871, -90.2694931
2012-1-31, -90.2695967133, -90.2698016, -90.2693909
2012-2-1, -90.26943464, -90.2696094, -90.2691128
2012-2-2, -90.269887, -90.2705761, -90.2694531
2012-2-3, -90.2684358733, -90.2695761, -90.2665725
2012-2-4, -90.26608266, -90.2667209, -90.2651756
2012-2-5, -90.2642087467, -90.2659997, -90.2619297
2012-2-6, -90.2595771933, -90.2604716, -90.2592378
2012-2-7, -90.2589201933, -90.2590876, -90.25821
2012-2-8, -90.2591956643, -90.2596194, -90.2589009
2012-2-9, -90.25921374, -90.2596087, -90.2587237
2012-2-10, -90.2582723733, -90.2589871, -90.2573977
2012-2-11, -90.2561921867, -90.257805, -90.2547966
2012-2-12, -90.2517405, -90.2548615, -90.2470199
2012-2-13, -90.2459361933, -90.2471673, -90.2449774
2012-2-14, -90.2451484467, -90.245417, -90.2449475
2012-2-15, -90.24525652, -90.2455587, -90.2450152
2012-2-16, -90.2451510733, -90.2455729, -90.2449886
2012-2-17, -90.2451945267, -90.2453419, -90.2449933
2012-2-18, -90.2451427133, -90.2453791, -90.2447347
2012-2-19, -90.2450600533, -90.2454205, -90.2447852
2012-2-20, -90.24494522, -90.2451611, -90.2448109
2012-2-21, -90.24518384, -90.2454585, -90.24497
2012-2-22, -90.24651506, -90.2476546, -90.2450261
2012-2-23, -90.24797344, -90.2481595, -90.2476001
2012-2-24, -90.248235, -90.2486199, -90.2477264
2012-2-25, -90.2472291533, -90.2475921, -90.2467942
2012-2-26, -90.2477274067, -90.2494532, -90.2468291
2012-2-27, -90.2497484267, -90.2502409, -90.2493787
2012-2-28, -90.2498436667, -90.2500703, -90.2494931
2012-2-29, -90.2501545267, -90.2503537, -90.2497577
2012-3-1, -90.24938664, -90.2506858, -90.2487814
2012-3-2, -90.24909376, -90.2493503, -90.2488552
2012-3-3, -90.2483779933, -90.2502264, -90.2473102
2012-3-4, -90.2478419143, -90.2484743, -90.2473189
2012-3-5, -90.24600872, -90.2475242, -90.2450448
2012-3-6, -90.2452684533, -90.245401, -90.2451379
2012-3-7, -90.2452927733, -90.2454495, -90.2451842
2012-3-8, -90.2452518933, -90.2460343, -90.2449878
2012-3-9, -90.24687258, -90.2479721, -90.245292
2012-3-10, -90.2480430714, -90.2481836, -90.2476506
2012-3-11, -90.24886982, -90.2496804, -90.2479918
2012-3-12, -90.2499499071, -90.2502372, -90.2496633
2012-3-13, -90.2497135333, -90.2505931, -90.2493215
2012-3-14, -90.24992258, -90.2502963, -90.2495199
2012-3-15, -90.2500847133, -90.2503381, -90.2499062
2012-3-16, -90.2502902667, -90.250438, -90.2501676
2012-3-17, -90.2497847333, -90.2503904, -90.249408
2012-3-18, -90.2496777467, -90.2498307, -90.2495115
2012-3-19, -90.2499460533, -90.2503713, -90.2495421
2012-3-20, -90.24985816, -90.2501315, -90.2495092
2012-3-21, -90.24945628, -90.2502327, -90.2489176
2012-3-22, -90.2487074733, -90.2491465, -90.2483707
2012-3-23, -90.2490149467, -90.2499621, -90.2480186
2012-3-24, -90.2498967067, -90.2502104, -90.2494474
2012-3-25, -90.2499770933, -90.2503097, -90.249605
2012-3-26, -90.2500163933, -90.2503997, -90.2495848
2012-3-27, -90.2494840933, -90.2497814, -90.2489518
2012-3-28, -90.2497374, -90.2502692, -90.249101
2012-3-29, -90.2503092933, -90.2503536, -90.2502406
2012-3-30, -90.25020598, -90.2503337, -90.2499785
2012-3-31, -90.2493127467, -90.2500618, -90.2473334
2012-4-1, -90.2469612267, -90.2473654, -90.2447902
2012-4-2, -90.2450958467, -90.2453739, -90.2448232
2012-4-3, -90.24511762, -90.2453756, -90.2448178
2012-4-4, -90.2451712267, -90.2454862, -90.2448301
2012-4-5, -90.2458551067, -90.2464139, -90.2451916
2012-4-6, -90.2454804067, -90.245726, -90.2450391
2012-4-7, -90.2455854933, -90.2473791, -90.2450802
2012-4-8, -90.2476882867, -90.2488354, -90.2473594
2012-4-9, -90.2496281357, -90.250223, -90.2489539
2012-4-10, -90.25009222, -90.250319, -90.2498022
2012-4-11, -90.2497632467, -90.2498599, -90.2496253
2012-4-12, -90.24986438, -90.2501134, -90.2496568
2012-4-13, -90.2501281, -90.2505417, -90.2498948
2012-4-14, -90.24972236, -90.2499862, -90.2494516
2012-4-15, -90.2499904533, -90.2502829, -90.2497673
2012-4-16, -90.2499268933, -90.2502984, -90.2496182
2012-4-17, -90.2482094, -90.2500821, -90.2470212
2012-4-18, -90.2471169467, -90.2476962, -90.2450533
2012-4-19, -90.2451079533, -90.2453752, -90.2443494
2012-4-20, -90.2450275133, -90.2451459, -90.2449031
2012-4-21, -90.2450631933, -90.2452041, -90.244884
2012-4-22, -90.2453159786, -90.2471517, -90.2449903
2012-4-23, -90.24753018, -90.2479306, -90.2474019
2012-4-24, -90.2489403857, -90.2503623, -90.247448
2012-4-25, -90.2500737, -90.2504388, -90.2496237
2012-4-26, -90.24856914, -90.2489692, -90.248232
2012-4-27, -90.2497204333, -90.2505018, -90.248472
2012-4-28, -90.2501115467, -90.2502434, -90.2499399
2012-4-29, -90.24940558, -90.250199, -90.2488469
2012-4-30, -90.2499721667, -90.2503783, -90.2493216
2012-5-1, -90.2487151267, -90.2502575, -90.2470375
2012-5-2, -90.2461222867, -90.2478121, -90.2450016
2012-5-3, -90.2450628, -90.2452577, -90.2449019
2012-5-4, -90.24544886, -90.247114, -90.2451597
2012-5-5, -90.2487406867, -90.25014, -90.2473745
2012-5-6, -90.2500074333, -90.2503128, -90.2495272
2012-5-7, -90.2491013, -90.2495502, -90.2487703
2012-5-8, -90.2498228333, -90.2502975, -90.2493982
2012-5-9, -90.2500956357, -90.2502903, -90.2495167
2012-5-10, -90.2498785067, -90.2502845, -90.2492552
2012-5-11, -90.2492151267, -90.2498996, -90.2487819
2012-5-12, -90.2512351267, -90.2522649, -90.2498058
2012-5-13, -90.2517632214, -90.2522364, -90.2513836
2012-5-14, -90.2513640467, -90.2515548, -90.2512211
2012-5-15, -90.25084036, -90.2513567, -90.2502284
2012-5-16, -90.2502301267, -90.2505884, -90.2497195
2012-5-17, -90.2472767467, -90.2498136, -90.2451002
2012-5-18, -90.2452494933, -90.24547, -90.2449513
2012-5-19, -90.2456753, -90.2464228, -90.2450436
2012-5-20, -90.2479903533, -90.2500198, -90.2463179
2012-5-21, -90.2498253533, -90.2500578, -90.2494808
2012-5-22, -90.2501542133, -90.2506349, -90.2499371
2012-5-23, -90.24988606, -90.2503162, -90.2494949
2012-5-24, -90.25000004, -90.2501998, -90.2496879
2012-5-25, -90.2482405867, -90.2497423, -90.247302
2012-5-26, -90.2460872067, -90.2475968, -90.2449571
2012-5-27, -90.2451152, -90.2455013, -90.2448742
2012-5-28, -90.2456922667, -90.2475943, -90.2449973
2012-5-29, -90.24780372, -90.2489756, -90.2473925
2012-5-30, -90.2490279667, -90.2500604, -90.248826
2012-5-31, -90.2511493, -90.2521363, -90.2501741
2012-6-1, -90.2516548267, -90.2519701, -90.2511611
2012-6-2, -90.2512423267, -90.2514114, -90.2511213
2012-6-3, -90.2514696533, -90.2519874, -90.2511941
2012-6-4, -90.25125596, -90.2513818, -90.2511031
2012-6-5, -90.25064114, -90.2512972, -90.2502153
2012-6-6, -90.2498329867, -90.2502887, -90.2488626
2012-6-7, -90.2488295067, -90.2496333, -90.2480483
2012-6-8, -90.24964558, -90.2499064, -90.2493373
2012-6-9, -90.25001418, -90.2503798, -90.249431
2012-6-10, -90.24996118, -90.2505864, -90.24972
2012-6-11, -90.2497726267, -90.2503054, -90.2492585
2012-6-12, -90.2480630786, -90.2496973, -90.2450213
2012-6-13, -90.2450528667, -90.2453293, -90.2446647
2012-6-14, -90.24484002, -90.2450519, -90.2444814
2012-6-15, -90.2447689067, -90.244987, -90.2445194
2012-6-16, -90.2451850133, -90.2454752, -90.2448934
2012-6-17, -90.2448361333, -90.2451222, -90.2441167
2012-6-18, -90.2433525, -90.2447684, -90.2420585
2012-6-19, -90.2420706267, -90.2422539, -90.2419524
2012-6-20, -90.2420124, -90.2422286, -90.2419016
2012-6-21, -90.2411567867, -90.2419982, -90.240034
2012-6-22, -90.2395496667, -90.240212, -90.2389101
2012-6-23, -90.2401950067, -90.2406066, -90.2398703
2012-6-24, -90.2400780533, -90.2403958, -90.2393133
2012-6-25, -90.2413945733, -90.2434835, -90.2399504
2012-6-26, -90.24447072, -90.2453229, -90.2435687
2012-6-27, -90.2451737067, -90.2456025, -90.2447718
2012-6-28, -90.2451608429, -90.2454158, -90.2448283
2012-6-29, -90.2474684067, -90.2503059, -90.2442747
2012-6-30, -90.24990964, -90.2504204, -90.2496129
2012-7-1, -90.2496334333, -90.249749, -90.2495475
2012-7-2, -90.2495117067, -90.2497457, -90.2493662
2012-7-3, -90.2494141867, -90.2495301, -90.2493196
2012-7-4, -90.24927438, -90.2495758, -90.2487129
2012-7-5, -90.24888938, -90.2494258, -90.2485363
2012-7-6, -90.2497136357, -90.2504048, -90.2493004
2012-7-7, -90.2500011067, -90.250279, -90.2487334
2012-7-8, -90.2501178, -90.2502625, -90.249763
2012-7-9, -90.24947182, -90.2500234, -90.248503
2012-7-10, -90.2482500533, -90.2485109, -90.2479751
2012-7-11, -90.24777142, -90.2480755, -90.2474222
2012-7-12, -90.2475384733, -90.2479177, -90.2472873
2012-7-13, -90.24759825, -90.2479937, -90.2468285
2012-7-14, -90.2457202933, -90.2468787, -90.244866
2012-7-15, -90.2450115071, -90.2453846, -90.2446774
2012-7-16, -90.2450413067, -90.2452697, -90.24464
2012-7-17, -90.2449775733, -90.2452126, -90.2447756
2012-7-18, -90.2449976933, -90.2452489, -90.2448438
2012-7-19, -90.2452551933, -90.2453719, -90.2451496
2012-7-20, -90.24512734, -90.24532, -90.2447943
2012-7-21, -90.24506048, -90.2453141, -90.244852
2012-7-22, -90.2452616933, -90.2453579, -90.2449687
2012-7-23, -90.2450305067, -90.245394, -90.2446803
2012-7-24, -90.2462825467, -90.247802, -90.2450898
2012-7-25, -90.2484485867, -90.2494122, -90.2477161
2012-7-26, -90.2496024667, -90.2501097, -90.2492731
2012-7-27, -90.2501305667, -90.2503628, -90.2498195
2012-7-28, -90.25028312, -90.2504525, -90.2501366
2012-7-29, -90.25037138, -90.2506706, -90.2502659
2012-7-30, -90.2498782933, -90.2503704, -90.2493271
2012-7-31, -90.24959714, -90.249948, -90.2492805
2012-8-1, -90.24980004, -90.2499261, -90.249713
2012-8-2, -90.24980022, -90.2499333, -90.2496803
2012-8-3, -90.2498316933, -90.2499702, -90.2497488
2012-8-4, -90.24983186, -90.2499164, -90.2497915
2012-8-5, -90.2497134571, -90.2498487, -90.2493583
2012-8-6, -90.2494215133, -90.2495277, -90.2493461
2012-8-7, -90.2492104533, -90.2495428, -90.2487414
2012-8-8, -90.2488162733, -90.249119, -90.248589
2012-8-9, -90.2486048067, -90.2489446, -90.2482795
2012-8-10, -90.2484960533, -90.248715, -90.24824
2012-8-11, -90.24873536, -90.2489306, -90.2485815
2012-8-12, -90.2487022067, -90.248795, -90.2486395
2012-8-13, -90.2490632067, -90.2496322, -90.2486333
2012-8-14, -90.2497255667, -90.2500889, -90.2493776
2012-8-15, -90.2500980267, -90.2502956, -90.2499818
2012-8-16, -90.2500346067, -90.2506308, -90.2499319
2012-8-17, -90.25002996, -90.2501574, -90.2498974
2012-8-18, -90.2500955467, -90.2502848, -90.2499312
2012-8-19, -90.2501100933, -90.2502404, -90.2499651
2012-8-20, -90.2500021067, -90.2501412, -90.2498889
2012-8-21, -90.25005688, -90.2505482, -90.2497998
2012-8-22, -90.2500889, -90.2503365, -90.2499075
2012-8-23, -90.24997624, -90.2502842, -90.2492099
2012-8-24, -90.24926346, -90.2498111, -90.2489851
2012-8-25, -90.24974428, -90.249941, -90.2496545
2012-8-26, -90.2500964267, -90.2509732, -90.2496703
2012-8-27, -90.2503684867, -90.2507555, -90.2501348
2012-8-28, -90.24997558, -90.2503091, -90.2495836
2012-8-29, -90.2499808333, -90.2503102, -90.2497011
2012-8-30, -90.2502563133, -90.2503807, -90.250106
2012-8-31, -90.2500415857, -90.2503416, -90.2494076
2012-9-1, -90.2512157667, -90.2524501, -90.250163
2012-9-2, -90.2531448667, -90.254727, -90.2523377
2012-9-3, -90.2547910267, -90.2551126, -90.254294
2012-9-4, -90.2557228333, -90.2570544, -90.2548535
2012-9-5, -90.2576977733, -90.2590801, -90.2569262
2012-9-6, -90.2590006733, -90.2595321, -90.2587568
2012-9-7, -90.2590158467, -90.2595769, -90.2587177
2012-9-8, -90.2599653333, -90.2615756, -90.2588412
2012-9-9, -90.2626541133, -90.2651859, -90.2614071
2012-9-10, -90.26588946, -90.2675443, -90.2651356
2012-9-11, -90.2676685133, -90.2678889, -90.2674673
2012-9-12, -90.26790886, -90.2685875, -90.2671392
2012-9-13, -90.2684366467, -90.2686561, -90.268263
2012-9-14, -90.26903812, -90.2707362, -90.2684568
2012-9-15, -90.2700728933, -90.2705048, -90.2694039
2012-9-16, -90.26943016, -90.2695663, -90.2692641
2012-9-17, -90.2694430133, -90.2696212, -90.269242
2012-9-18, -90.2696904267, -90.2698518, -90.2695789
2012-9-19, -90.26965794, -90.2697683, -90.2693207
2012-9-20, -90.2693726533, -90.2695339, -90.2692198
2012-9-21, -90.2695347933, -90.269706, -90.2694459
2012-9-22, -90.26959602, -90.2697832, -90.2694693
2012-9-23, -90.2695154067, -90.2697042, -90.2692302
2012-9-24, -90.2698136467, -90.27051, -90.2695284
2012-9-25, -90.2702675667, -90.2707454, -90.2695247
2012-9-26, -90.26967222, -90.2698215, -90.2693259
2012-9-27, -90.2695158867, -90.269903, -90.2693368
2012-9-28, -90.27007664, -90.270347, -90.2697917
2012-9-29, -90.2700724667, -90.2704319, -90.2693436
2012-9-30, -90.2694239, -90.2696446, -90.2692879
2012-10-1, -90.26956726, -90.269715, -90.2693334
2012-10-2, -90.26942244, -90.2696687, -90.2692128
2012-10-3, -90.2697554333, -90.2701928, -90.2696365
2012-10-4, -90.2695389333, -90.2698796, -90.2683261
2012-10-5, -90.2694227467, -90.2696798, -90.2692784
2012-10-6, -90.2695796667, -90.269829, -90.2693825
2012-10-7, -90.2694638133, -90.2696738, -90.2692115
2012-10-8, -90.2695812667, -90.2697611, -90.2693205
2012-10-9, -90.2694536467, -90.2697244, -90.2692351
2012-10-10, -90.2697068667, -90.2698272, -90.2695351
2012-10-11, -90.2695946733, -90.2697384, -90.2694786
2012-10-12, -90.2695370867, -90.2697208, -90.2690216
2012-10-13, -90.2696324867, -90.2697229, -90.2695111
2012-10-14, -90.2695970533, -90.2699267, -90.2694339
2012-10-15, -90.2694907533, -90.269547, -90.269448
2012-10-16, -90.2695008533, -90.2698169, -90.2693597
2012-10-17, -90.2695742071, -90.269769, -90.2694458
2012-10-18, -90.2694870533, -90.2696191, -90.2693986
2012-10-19, -90.2695608667, -90.269676, -90.2694179
2012-10-20, -90.26945284, -90.2695519, -90.2693331
2012-10-21, -90.2696235533, -90.2698488, -90.2693684
2012-10-22, -90.26978566, -90.270027, -90.2696478
2012-10-23, -90.26960108, -90.2699412, -90.2693811
2012-10-24, -90.2694408067, -90.269559, -90.2692862
2012-10-25, -90.2693768533, -90.269764, -90.268762
2012-10-26, -90.26956626, -90.2698124, -90.2693333
2012-10-27, -90.2695744733, -90.2697918, -90.2693879
2012-10-28, -90.2697293467, -90.2698686, -90.2695496
2012-10-29, -90.2697377, -90.2699205, -90.2694113
2012-10-30, -90.26973138, -90.269862, -90.2696276
2012-10-31, -90.2695483867, -90.2697597, -90.2693403
2012-11-1, -90.2694974933, -90.2696796, -90.269332
2012-11-2, -90.2697193867, -90.2698891, -90.2696508
2012-11-3, -90.2696216667, -90.2698276, -90.2692632
2012-11-4, -90.26953476, -90.2697783, -90.2692025
2012-11-5, -90.2694495133, -90.2698321, -90.2692029
2012-11-6, -90.2696842067, -90.269924, -90.2695274
2012-11-7, -90.26962446, -90.2696971, -90.2693637
2012-11-8, -90.2697704533, -90.2701096, -90.2695202
2012-11-9, -90.2696828133, -90.2698344, -90.2694191
2012-11-10, -90.26960394, -90.2697438, -90.2693491
2012-11-11, -90.2694231333, -90.2697958, -90.268883
2012-11-12, -90.26919306, -90.2697434, -90.2690202
2012-11-13, -90.2697445267, -90.2698455, -90.2696706
2012-11-14, -90.2698119, -90.2700367, -90.2696114
2012-11-15, -90.2697018933, -90.2697883, -90.269485
2012-11-16, -90.2698286333, -90.2700507, -90.2689468
2012-11-17, -90.27002402, -90.2702081, -90.2697185
2012-11-18, -90.2696089533, -90.2697669, -90.2693597
2012-11-19, -90.2698105067, -90.2700192, -90.2697118
2012-11-20, -90.2699622933, -90.2700404, -90.269824
2012-11-21, -90.2698858133, -90.2700425, -90.2697067
2012-11-22, -90.269772, -90.269884, -90.2696931
2012-11-23, -90.26980916, -90.2700566, -90.2695818
2012-11-24, -90.2698849333, -90.2700492, -90.2697087
2012-11-25, -90.2696377533, -90.2698353, -90.269477
2012-11-26, -90.2698247867, -90.269962, -90.2697097
2012-11-27, -90.2698542267, -90.2699631, -90.2696951
2012-11-28, -90.2697001533, -90.2698375, -90.2695048
2012-11-29, -90.2697507667, -90.2698871, -90.2696902
2012-11-30, -90.2697383, -90.2697779, -90.2697003
2012-12-1, -90.2698352867, -90.2702234, -90.2696493
2012-12-2, -90.2696799733, -90.2698715, -90.2695107
2012-12-3, -90.2695688867, -90.269647, -90.2693871
2012-12-4, -90.2695216867, -90.2696466, -90.2694199
2012-12-5, -90.26970612, -90.2698207, -90.2696051
2012-12-6, -90.2696399133, -90.2697734, -90.2694107
2012-12-7, -90.2696974533, -90.2698136, -90.269494
2012-12-8, -90.2696000067, -90.2698073, -90.2691433
2012-12-9, -90.2694335333, -90.2699019, -90.2691665
2012-12-10, -90.2694895067, -90.2697823, -90.2692306
2012-12-11, -90.26957316, -90.2697393, -90.2693224
2012-12-12, -90.2695546933, -90.2696351, -90.2694162
2012-12-13, -90.2694831467, -90.2696776, -90.2693967
2012-12-14, -90.26966782, -90.2697664, -90.2695573
2012-12-15, -90.2697053467, -90.2697957, -90.2695618
2012-12-16, -90.2696216667, -90.2697942, -90.2692756
2012-12-17, -90.2695973533, -90.2696981, -90.2694476
2012-12-18, -90.2695464933, -90.2696731, -90.269386
2012-12-19, -90.2696471533, -90.2698174, -90.2694705
2012-12-20, -90.2696755333, -90.2697714, -90.2694427
2012-12-21, -90.26968144, -90.2700876, -90.2694212
2012-12-22, -90.2700143067, -90.2703191, -90.2699098
2012-12-23, -90.26976214, -90.2699639, -90.2694841
2012-12-24, -90.26978524, -90.2713949, -90.2694944
2012-12-25, -90.26970984, -90.2699741, -90.2694692
2012-12-26, -90.2699688867, -90.2703122, -90.2697771
2012-12-27, -90.2698607333, -90.2700635, -90.2695316
2012-12-28, -90.2699175133, -90.2699918, -90.2697176
2012-12-29, -90.2698955333, -90.2701811, -90.2696082
2012-12-30, -90.2696668533, -90.2699717, -90.2691524
2012-12-31, -90.2692883133, -90.269876, -90.2688006
